"rendimientos","riesgo","probabilidad","intercepto","pendiente","color","titulo"
0.000544567241033691,0.0179765964131498,0.517395626242545,-151.563316142221,0.0117241751486258,"navy","A"
0.00118761140714825,0.0292498676533014,0.512425447316103,-256.567005467333,0.0176068079803209,"navy","AAL"
0.000449170354596113,0.0184195586748866,0.516898608349901,-543.349632505736,0.0403424045547082,"navy","AAP"
0.000850470256619392,0.0159556195794062,0.523856858846918,-134.513117465363,0.00973065633056631,"navy","AAPL"
0.000805203544591074,0.0162961793379187,0.534976152623211,-264.563395526643,0.0194546943264555,"navy","ABBV"
0.000615204660311564,0.0136753791134641,0.531312127236581,-362.54467982437,0.0265105750330609,"navy","ABC"
0.00152355296314599,0.0292699706024004,0.524850894632207,-768.744675336464,0.0510379466036536,"navy","ABMD"
0.000388269396560411,0.011384686259959,0.510437375745527,-121.735287970414,0.00981994461466079,"navy","ABT"
0.000641993568595002,0.0135262622604416,0.532306163021869,-446.677489304871,0.0328505939789598,"navy","ACN"
0.000771773906548956,0.0173692354263803,0.525347912524851,-605.1592904202,0.0417402435881944,"navy","ADBE"
0.000513719443241979,0.0156194718036887,0.517395626242545,-230.402071430793,0.017463430770061,"navy","ADI"
0.000120200212413909,0.0153216318361744,0.518389662027833,-67.1803445017493,0.0064944995598902,"navy","ADM"
0.000564964438531632,0.0109743461648036,0.534294234592445,-358.318946934313,0.0264979515459927,"navy","ADP"
0.000699312631540726,0.0213774443462564,0.524850894632207,-316.479107183027,0.0228786709344136,"navy","ADSK"
0.0003746380896026,0.0111677592555454,0.519880715705765,-140.408152397577,0.0111355241733794,"navy","AEE"
0.000370082036709125,0.0103728480037294,0.530318091451292,-175.321450639385,0.0140192990167677,"navy","AEP"
-0.000115747310995506,0.0173291315072873,0.498508946322068,13.294428336372,-8.20483613635113e-05,"red","AES"
0.000304488743057487,0.0154289994567143,0.524353876739563,-62.1678793160818,0.00568411811577938,"navy","AFL"
0.000342840973167795,0.0205508969908424,0.509940357852883,-166.292459463041,0.0132325035234211,"navy","AIG"
0.000599909800950876,0.0146109664769993,0.528330019880716,-350.983429335246,0.0255539936585784,"navy","AIZ"
0.000517712843839241,0.0106512604602483,0.530318091451292,-142.760442262434,0.0114344465532992,"navy","AJG"
0.000457250302748825,0.0248553694003114,0.515904572564612,-126.643581001729,0.0108632308971884,"navy","AKAM"
0.000601997381280069,0.0192258718207729,0.536282306163022,-228.764349654924,0.018324177270357,"navy","ALB"
0.00123546826471639,0.0243120804349706,0.519383697813121,-673.720000520732,0.0454794582668559,"navy","ALGN"
0.00105968637128504,0.0203678656397398,0.525347912524851,-449.975895479389,0.0306848349163049,"navy","ALK"
0.000614524410069538,0.0125137258208401,0.523359840954274,-309.749890535969,0.0225576263887806,"navy","ALL"
0.000478146802207,0.01310451202626,0.521235521235521,-334.5126697443,0.0236962876912651,"navy","ALLE"
0.000795636453930443,0.0221230000729562,0.511431411530815,-607.133012045415,0.0445700731396699,"navy","ALXN"
0.000633159171591254,0.0176318017401993,0.511928429423459,-141.419971429112,0.010045425913039,"navy","AMAT"
0.00030146836342654,0.0125552637546839,0.0911016949152542,-19.5306529177515,0.0017959672930722,"navy","AMCR"
2.88640032394028e-05,0.0353991488246839,0.484592445328032,-0.605066602336552,0.000397173818162353,"navy","AMD"
0.000716128534174361,0.014337937800339,0.533797216699801,-196.542510157526,0.0148445748467495,"navy","AME"
0.000548149421285767,0.0146544283905318,0.510437375745527,-704.676830171235,0.0508393716577878,"navy","AMGN"
0.000719085962096007,0.0182339431457518,0.517395626242545,-485.665585182872,0.0357102959066613,"navy","AMP"
0.000590801841595299,0.0129819278649052,0.521371769383698,-413.131630760902,0.0308466488395369,"navy","AMT"
0.00107714348957359,0.0195524296009131,0.523856858846918,-4361.79637947512,0.29705119684847,"navy","AMZN"
0.00161815059153265,0.027093027958346,0.548387096774194,-1438.07841537176,0.0908529672386281,"navy","ANET"
0.00059433789086479,0.0148153069398818,0.542743538767396,-337.145097664177,0.0257735035460444,"navy","ANSS"
0.000659033614626433,0.0156323586929712,0.518886679920477,-676.516155583063,0.0485747337383463,"navy","ANTM"
0.000627154006859568,0.0118816569103126,0.536282306163022,-484.583072645561,0.0349863403014138,"navy","AON"
0.00104833743996107,0.0161974252674609,0.539264413518887,-264.385287177362,0.018058192854979,"navy","AOS"
-0.000456917439655217,0.0214775253992486,0.489562624254473,470.519921779008,-0.0244770293918568,"red","APA"
0.00037647821628888,0.0131130094047418,0.514910536779324,-406.685138209644,0.0318588164607545,"navy","APD"
0.000666437638915581,0.0148046196712462,0.520874751491054,-145.502715199127,0.0104229919498196,"navy","APH"
0.00101235756694305,0.0167249769606551,0.542262678803641,-338.943506266074,0.023846194313453,"navy","APTV"
0.000357969995875884,0.0139006346229274,0.529821073558648,-204.266075759459,0.0178548437637295,"navy","ARE"
0.00053081480934546,0.0112098788605945,0.534294234592445,-289.55249975842,0.0211055810605226,"navy","ATO"
0.000856559895275606,0.0176414601230567,0.521868787276342,-235.365941344956,0.0161252663410049,"navy","ATVI"
0.000391237119575078,0.0133382141459816,0.530815109343936,-367.65468082542,0.0318607858928493,"navy","AVB"
0.00129803357382349,0.0214998968922915,0.533797216699801,-1170.82201741668,0.0783752800711757,"navy","AVGO"
0.000565038985974723,0.0159455120189761,0.532803180914513,-293.030365427551,0.0214332381018925,"navy","AVY"
0.000693871671422511,0.0110413769029345,0.542246520874751,-310.61268087335,0.022279655667349,"navy","AWK"
0.000440669661316471,0.0146235896088429,0.518389662027833,-179.079166252921,0.0152638993890857,"navy","AXP"
0.000747717594003519,0.012170643498138,0.525844930417495,-2892.04180363496,0.210199265774646,"navy","AZO"
0.000824110048177735,0.0147480229948275,0.535785288270378,-720.678749095471,0.0520321266319965,"navy","BA"
0.000314137392140819,0.0216736877748572,0.496520874751491,-49.4734198282047,0.00399955909034743,"navy","BAC"
0.00035472751162847,0.0123684549603874,0.519880715705765,-122.334407214719,0.00996104282901383,"navy","BAX"
0.000264799962305469,0.0254395184877906,0.513419483101392,-61.8431442735816,0.00592974947877048,"navy","BBY"
0.000497954605478722,0.0107113489688073,0.540258449304175,-649.648379901179,0.047770726287886,"navy","BDX"
9.2110508674507e-05,0.0167090251267871,0.520874751491054,8.63302850681367,0.00211409156314635,"navy","BEN"
0.000667321689414391,0.0121702127009825,0.52882703777336,-139.85314830639,0.0105621320086383,"navy","BF"
0.000885460841593632,0.0200128081342635,0.516898608349901,-1502.28797967738,0.106859519483605,"navy","BIIB"
0.000443062494137697,0.0139178060648654,0.509443339960239,-483.099676764329,0.0381561669675516,"navy","BIO"
0.000320019724298435,0.0157303172164901,0.516401590457256,-119.991483495905,0.00957431993988482,"navy","BK"
0.001018326638124,0.0199690682048155,0.521868787276342,-7881.75397032767,0.550794031277313,"navy","BKNG"
-0.00013170307969755,0.0237980798647424,0.492544731610338,62.3327600104907,-0.000653943131511398,"red","BKR"
0.000381189987319827,0.0161595139397219,0.507455268389662,-1319.73765413549,0.0994994316713179,"navy","BLK"
0.000526492352335476,0.012777996702173,0.518389662027833,-139.390869370266,0.0103490887383644,"navy","BLL"
0.000433245530693139,0.0142209617523466,0.521868787276342,-210.912510250333,0.0159696797666827,"navy","BMY"
0.000688026400270364,0.0123049193840017,0.523359840954274,-317.792465911158,0.0223042347509731,"navy","BR"
0.00054492792385844,0.0112800762970099,0.509940357852883,-508.86045859777,0.0389225533440944,"navy","BRK"
0.000503034450678776,0.0183292681510815,0.49155069582505,-115.749948749615,0.00802172302124255,"navy","BSX"
0.00055013275930896,0.0199781279893617,0.515904572564612,-71.5478511374781,0.00699190226209407,"navy","BWA"
0.000328817679523518,0.0134322303734386,0.517892644135189,-182.32255244294,0.0182012026722299,"navy","BXP"
0.000389279259716316,0.020509867170365,0.50596421471173,-106.517861270871,0.00950220582943418,"navy","C"
0.00036747378301275,0.0116830389721399,0.506461232604374,-98.8989013538987,0.00779244230520791,"navy","CAG"
0.000314675753972742,0.0140523309073738,0.515407554671968,-247.084710870487,0.0190504150238295,"navy","CAH"
0.000492073660807754,0.0166899334442817,0.510437375745527,-10.398853571034,0.0061716412162049,"navy","CAT"
0.000540348555738965,0.0112514720965228,0.524850894632207,-439.772113114214,0.0332621997801459,"navy","CB"
0.000707418896298451,0.0142677405782257,0.537368421052632,-399.363421034207,0.027871312877091,"navy","CBOE"
0.000567727017880898,0.0212551054985026,0.517892644135189,-98.6775255479569,0.00775129782644662,"navy","CBRE"
0.000512196157296707,0.0125998650877729,0.512425447316103,-314.401567171501,0.0239009914361221,"navy","CCI"
0.000361648118283329,0.0169498389846431,0.520874751491054,-106.408106807256,0.00926453365997795,"navy","CCL"
0.0009551752472546,0.0163876422291443,0.517892644135189,-138.24447089177,0.00966938489214887,"navy","CDNS"
0.00117118298845203,0.0143869431933834,0.545774647887324,-413.376716631179,0.0271671489453431,"navy","CDW"
0.000581123669829664,0.0204854319003594,0.523856858846918,-276.038576949427,0.0206636139217453,"navy","CE"
0.00057791506109405,0.0162241873828236,0.525347912524851,-227.554745752347,0.0170867560996149,"navy","CERN"
0.000417412928997126,0.0241526814658417,0.506461232604374,-41.261662279163,0.0048248912620602,"navy","CF"
0.000726885629103996,0.0167082088182229,0.5273390036452,-198.252509542568,0.0133585186291536,"navy","CFG"
0.000589105070112071,0.0106704071399598,0.539761431411531,-180.678017549434,0.0133013413605009,"navy","CHD"
0.000201969898097144,0.0141047044404401,0.532803180914513,14.3330454562568,0.00321985409033628,"navy","CHRW"
0.00112463650769722,0.016862675876249,0.503232222774739,-1618.78292133239,0.109681763727258,"navy","CHTR"
0.000854823548382512,0.0157563210515047,0.527335984095427,-781.036360310327,0.0541902819228021,"navy","CI"
0.000516870434324781,0.011755024800725,0.530815109343936,-247.825317552013,0.0184214110851816,"navy","CINF"
0.000298004774492947,0.00992256855278708,0.502982107355865,-160.429601308185,0.0136002044204846,"navy","CL"
0.000439513684749018,0.00996333635033354,0.540755467196819,-381.132670169497,0.0295345612808849,"navy","CLX"
0.000519878288146884,0.0181486772053944,0.518886679920477,-149.571097195449,0.012015497050334,"navy","CMA"
0.000771286654999696,0.0135580951761314,0.527335984095427,-157.80435150541,0.0112427232337065,"navy","CMCSA"
0.000376430458824759,0.0149661674512855,0.516401590457256,-351.644710219243,0.0267811337998231,"navy","CME"
0.000591955046356654,0.020932082845391,0.516401590457256,-1354.11092569494,0.109300061026076,"navy","CMG"
0.000658669775501199,0.0190592911052653,0.516898608349901,-278.751205643494,0.0246155014146205,"navy","CMI"
0.000545294953324399,0.0106480948366863,0.541252485089463,-154.075346783048,0.0114296492570385,"navy","CMS"
0.00110823389256693,0.023446298672267,0.529821073558648,-204.716230770961,0.0139661501530755,"navy","CNC"
0.000332729983860937,0.0122670458955158,0.518886679920477,-37.1165258855237,0.00362224191009032,"navy","CNP"
0.000465267649413962,0.0176014999784065,0.510934393638171,-212.598847846603,0.0172435109754727,"navy","COF"
0.000450334066076324,0.0239750883129262,0.480616302186879,-66.1311317611244,0.00554565101580695,"navy","COG"
0.000871251987956684,0.0158713294271623,0.521371769383698,-910.916363946343,0.0644530387063479,"navy","COO"
0.000156256841235582,0.0168456744840957,0.502485089463221,56.6472533091154,-0.000135119922370468,"red","COP"
0.000567559163888871,0.0112403285728159,0.515407554671968,-561.319466774049,0.0421425930147988,"navy","COST"
0.000174433617888683,0.0112661497294404,0.517892644135189,-111.738169260495,0.00965940048581461,"navy","CPB"
0.000773886611705591,0.0134550623077437,0.524353876739563,-111.315856225705,0.00801430760789329,"navy","CPRT"
0.000844152255623464,0.0219964192494707,0.512425447316103,-357.395504747453,0.0255529443181991,"navy","CRM"
0.000218216464322873,0.0158852278186525,0.50596421471173,-56.7372176354454,0.00504060555164002,"navy","CSCO"
0.000604954350349014,0.0171209690844553,0.52037773359841,-120.329249208836,0.00924557533039149,"navy","CSX"
0.000882594716535751,0.0128307683270364,0.548707753479125,-582.224305349659,0.0402884447115795,"navy","CTAS"
0.00083657292129331,0.0206426851248357,0.515679442508711,-113.744977372451,0.00841550753592935,"navy","CTLT"
0.00055180191993522,0.018277030515268,0.516898608349901,-197.913737975473,0.015169017779856,"navy","CTSH"
0.00047099274332849,0.0205769176585452,0.518389662027833,-105.180945975661,0.010080427403356,"navy","CTXS"
0.000391493660402176,0.0127877707297753,0.52286282306163,-340.361109981233,0.0252156081858442,"navy","CVS"
0.000228442130554668,0.0132591511860394,0.511928429423459,0.196397559947587,0.00642796765697872,"navy","CVX"
0.000364142218399652,0.00995107981190888,0.524353876739563,-174.269162853458,0.0146494932163401,"navy","D"
0.000799032699125544,0.0234515358415707,0.517892644135189,-258.80512888291,0.017859270329321,"navy","DAL"
0.000443484184909571,0.018257228521843,0.509940357852883,-247.361317786206,0.0191581098070757,"navy","DD"
0.000510286933489513,0.015211273624351,0.516401590457256,-138.786840434586,0.0139876140226271,"navy","DE"
0.000825576376221136,0.0164177349991051,0.527335984095427,-263.584250385097,0.019174517722132,"navy","DFS"
0.000692714012980886,0.0161690500070035,0.504970178926441,-283.708634615865,0.0211318365203906,"navy","DG"
0.000236809949708807,0.0129481091267693,0.518886679920477,-185.379163062872,0.0156584524030548,"navy","DGX"
0.000755895270231803,0.0213900281866581,0.501491053677932,-135.331402231387,0.00979887011490041,"navy","DHI"
0.000587076053710829,0.0122893829625139,0.520874751491054,-291.609222795212,0.0215715664813025,"navy","DHR"
0.000601224091150596,0.0131859486216786,0.527335984095427,-449.809198201762,0.0324467115266008,"navy","DIS"
0.000171765984769197,0.0175080847789805,0.498508946322068,-10.8373668399233,0.00243246361604731,"navy","DISCA"
0.000227486869855965,0.0171125997292999,0.505467196819085,-26.9644491086015,0.00330083207535818,"navy","DISCK"
0.000404036643515646,0.018908856292299,0.508946322067594,-226.339473443965,0.0168438323884889,"navy","DISH"
0.000407704937238616,0.0152360103556241,0.542743538767396,-216.87881433376,0.0179562370882042,"navy","DLR"
0.000944134031097223,0.0153465141047816,0.517892644135189,-342.502466465032,0.0247625760693714,"navy","DLTR"
0.000524501246091436,0.0161173107461868,0.517892644135189,-148.168208555837,0.0123861243499855,"navy","DOV"
0.00153107050736664,0.0179139016030195,0.558648111332008,-972.909540997368,0.0655022336258301,"navy","DPZ"
0.000402362305407038,0.0161196843718771,0.512425447316103,-79.651500298522,0.00607162901049538,"navy","DRE"
0.000557340827681687,0.0150155790913641,0.527833001988072,-188.803382199426,0.0150060285386616,"navy","DRI"
0.000458190406464329,0.0101638582443749,0.535288270377734,-298.640846735586,0.0230216991456309,"navy","DTE"
0.000249535839935037,0.0095038111219055,0.518389662027833,-126.127401506251,0.0121235247351789,"navy","DUK"
0.000437509543599085,0.0140983602946677,0.524353876739563,-184.717329683041,0.0150332444272759,"navy","DVA"
-0.000305628442338262,0.0225011755801103,0.490059642147117,277.893951602112,-0.0137879670071443,"red","DVN"
0.000522588515317961,0.0213562953244983,0.520874751491054,-210.5424723441,0.0150399282529647,"navy","DXC"
0.00094571066826142,0.0293838685281155,0.510437375745527,-430.604592613369,0.0292343851346632,"navy","DXCM"
0.000872694351778438,0.0212087640040318,0.524353876739563,-493.744228153064,0.0334118069547682,"navy","EA"
0.000657187123085553,0.0179402864977754,0.513419483101392,-117.655263383745,0.00866148425430546,"navy","EBAY"
0.000540248240467235,0.0118839165289098,0.537773359840954,-461.072295341244,0.0342470996075456,"navy","ECL"
0.000311625900305773,0.00944134858017874,0.534294234592445,-124.868087014623,0.011577755042984,"navy","ED"
0.000656546586570751,0.0139699512913568,0.527335984095427,-576.259382831398,0.0404405647406389,"navy","EFX"
0.000297307205739092,0.0115220731724644,0.518389662027833,-218.030105287426,0.0168914953153366,"navy","EIX"
0.000823476158759497,0.0153399176852637,0.511928429423459,-325.933880154436,0.0245356974359495,"navy","EL"
0.000546110441392678,0.017484641643841,0.518886679920477,-221.243145296826,0.017726101134164,"navy","EMN"
0.000235959347444582,0.0145310127469731,0.516898608349901,6.22766661504374,0.00303441909525675,"navy","EMR"
0.000380458150944838,0.0202340376999163,0.510437375745527,-246.83174522179,0.019885683130586,"navy","EOG"
0.00070571835729283,0.0192862513584065,0.531809145129225,-1804.15290044815,0.125959266660739,"navy","EQIX"
0.000321434841185035,0.0137940222898852,0.519383697813121,-77.7153592885619,0.00859291239437483,"navy","EQR"
0.000445714100750331,0.0105767177407563,0.529324055666004,-149.994639790134,0.0120644461595632,"navy","ES"
0.000532842538212716,0.0131287401768455,0.533300198807157,-728.981880396946,0.0562333980286602,"navy","ESS"
0.000446745033666565,0.0165454792890854,0.51441351888668,-137.058534006644,0.0121450220708476,"navy","ETN"
-4.61951579351696e-06,0.0110647167581589,0.504473161033797,37.7735791026144,0.00211589671109223,"navy","ETR"
-0.000561075329829559,0.0371262067596014,0.474377745241581,-19.6720667169561,0.0019066144047392,"navy","ETSY"
0.000438751501439422,0.0102507774351388,0.515904572564612,-157.041005355099,0.0120152013880699,"navy","EVRG"
0.000815018184002063,0.0200512184979424,0.527833001988072,-143.295805493897,0.0101276397176633,"navy","EW"
-0.000107032178983447,0.0124755041972143,0.498011928429423,83.3382679344584,-0.00295712238392912,"red","EXC"
0.000304162741777362,0.0147224755691697,0.507952286282306,-29.2168801622097,0.004637242113329,"navy","EXPD"
0.000418129555316999,0.0282732180582763,0.518389662027833,-505.486973211543,0.0363711123483656,"navy","EXPE"
0.000991734322294534,0.0150499699252919,0.535785288270378,-414.62459401939,0.0288422022629189,"navy","EXR"
9.67833320628566e-05,0.0175833737325467,0.497514910536779,12.1097334856625,7.56671700733253e-05,"navy","F"
0.0015072945745431,0.0243642667324321,0.543096872616323,-628.35771091289,0.0420976840832033,"navy","FANG"
0.000475369966367715,0.0162006552953195,0.516898608349901,-27.3216696508306,0.00297511349974651,"navy","FAST"
0.00108243008758293,0.0229617692721637,0.527954706298655,-1161.6042020027,0.0755147028011937,"navy","FB"
0.00106470005359174,0.0174404104084113,0.542351453855879,-298.523427550244,0.0208694488404768,"navy","FBHS"
-0.000392091874015507,0.0312892503880024,0.489562624254473,253.364929809679,-0.0139945377443646,"red","FCX"
0.000544419274738116,0.0149851884246932,0.514910536779324,-652.926710644192,0.0487687105228785,"navy","FDX"
-0.000210531087897546,0.0129826891606783,0.493041749502982,103.973712985841,-0.00418534114874499,"red","FE"
0.000441481960212555,0.0234735136729068,0.519383697813121,-130.996787516613,0.0147270475633294,"navy","FFIV"
0.000682766483389182,0.0133405860202693,0.538270377733598,-339.103513603167,0.0242729576372596,"navy","FIS"
0.000829412962867044,0.0115304213258096,0.554174950298211,-278.564814000066,0.0192895793975566,"navy","FISV"
0.000545702440388205,0.0188702288845021,0.517395626242545,-61.4933152178627,0.00493662643393084,"navy","FITB"
0.00017718246157999,0.016152676195839,0.497017892644135,-29.6480612705222,0.00370744710043211,"navy","FLIR"
0.000131490230138336,0.0190925772070041,0.500994035785288,-38.3233476125488,0.0053313175682035,"navy","FLS"
0.00110309192649343,0.0178025343375971,0.531602708803612,-924.669319284011,0.0633852435313749,"navy","FLT"
0.000598186054711059,0.0167907408681434,0.5,-108.250002385986,0.00961407952895476,"navy","FMC"
0.000637622924130941,0.0152479732434515,0.511824324324324,-409.697326598809,0.0285494115058332,"navy","FRC"
0.000339850524305107,0.0119327376751461,0.514910536779324,-330.381344714431,0.0275769570993151,"navy","FRT"
2.7662327952885e-05,0.021175196181764,0.493538767395626,77.9967344266699,-0.00299450966811402,"red","FTI"
0.000785235905933694,0.0252889142589398,0.518389662027833,-126.964094663426,0.00948982220925157,"navy","FTNT"
0.00105822324317994,0.0100885041758906,0.523936170212766,-657.568776329374,0.0409993789078198,"navy","FTV"
0.000536065550340671,0.0125565064093754,0.528330019880716,-695.082012130791,0.0500850818486465,"navy","GD"
6.05023415847198e-05,0.0135970465527685,0.497514910536779,-50.9567157216302,0.00456564701399515,"navy","GE"
0.000594755521265077,0.0182280758105205,0.522365805168986,-435.494182099902,0.0307593017224675,"navy","GILD"
0.000255624947017219,0.00984025411673325,0.534791252485089,-120.811559752836,0.0105258215988829,"navy","GIS"
0.000754116770940033,0.0123487149409794,0.543737574552684,-286.005320463599,0.0207121153051359,"navy","GL"
0.000244501362067346,0.0175610335069387,0.508946322067594,-44.3041984628404,0.00394293134403186,"navy","GLW"
0.000101337993802089,0.0177688394849005,0.502793296089385,-32.9595115174455,0.00397502098235626,"navy","GM"
0.000601119138865558,0.015004192064102,0.518389662027833,-3570.84847406366,0.25411095588306,"navy","GOOG"
0.000602076177356025,0.0149506080541208,0.521868787276342,-3699.64784497993,0.262666016582054,"navy","GOOGL"
0.000453767778416267,0.0126006318439303,0.524353876739563,-255.895461631918,0.020577745985408,"navy","GPC"
0.000664348148942657,0.015920919892646,0.542743538767396,-383.519433317923,0.0265118834541965,"navy","GPN"
0.000251366526545027,0.0204178712089512,0.525347912524851,-12.2698794444011,0.00256189326548145,"navy","GPS"
0.000306067072602565,0.0174160097084296,0.512425447316103,-72.6033478014369,0.00715129823905417,"navy","GRMN"
0.000192131202268795,0.016684481069004,0.516898608349901,-355.543229301231,0.0323118563693966,"navy","GS"
0.000441206976885486,0.0147269233122134,0.523856858846918,-348.373197528015,0.0340948793419217,"navy","GWW"
0.000222238724968788,0.0218224565267836,0.492544731610338,-29.2328534161432,0.00443517041493206,"navy","HAL"
0.000510526759744567,0.0154017218018606,0.515407554671968,-306.720555905103,0.0226830664984955,"navy","HAS"
0.000683581158343788,0.0194157482020599,0.500994035785288,-38.2121164347851,0.00291785329922148,"navy","HBAN"
0.00060622198356188,0.0192883127881513,0.52286282306163,-131.571200367224,0.00923818614643851,"navy","HBI"
0.00060728399911055,0.020403930485644,0.511668611435239,-416.855763037312,0.0290193224668915,"navy","HCA"
0.000938715724734948,0.012366590442703,0.534791252485089,-713.75684027254,0.0496789657387918,"navy","HD"
-0.000141935007832148,0.0217366210552103,0.505467196819085,133.615099846804,-0.00442884795333555,"red","HES"
0.000655979004871947,0.0247350136939975,0.521371769383698,-42.5286968466928,0.00476944144637731,"navy","HFC"
0.000426508824998493,0.0197495581262369,0.523359840954274,-161.424635176474,0.0121446786976366,"navy","HIG"
0.0010776585657202,0.0153316921408023,0.532825322391559,-1230.98838937936,0.0819475868961242,"navy","HII"
0.000582342739661283,0.0143662977342861,0.521099116781158,-143.238544145199,0.0116665765450073,"navy","HLT"
0.000522528337812175,0.0174562759694801,0.518389662027833,-136.713569853551,0.0101540802553072,"navy","HOLX"
0.000666257881582773,0.0131283404608924,0.526838966202783,-452.098620315249,0.0331372733534124,"navy","HON"
0.000723300804248019,0.0200040338264865,0.530685920577617,-135.01114339995,0.00857860802309204,"navy","HPE"
-6.23736651717292e-05,0.0203151626680397,0.50844930417495,19.8021733520632,-0.000325721348548761,"red","HPQ"
0.000663847305506525,0.0118188634033038,0.545228628230616,-149.041908838505,0.0107159065404251,"navy","HRL"
0.000477909651989317,0.0125268782643559,0.534294234592445,-253.669723325031,0.0184824776739099,"navy","HSIC"
0.00025765954033561,0.0183577207732718,0.509940357852883,-7.76508908625736,0.00155146974674009,"navy","HST"
0.000567733338132463,0.0113682861517792,0.509940357852883,-299.375460789946,0.0236960574955571,"navy","HSY"
0.000840979337610474,0.0170999889176894,0.523856858846918,-980.325222425777,0.0686560015169892,"navy","HUM"
-0.000157945854987883,0.0226147233135701,0.490059642147117,49.9390683189506,-0.00153120174562444,"red","HWM"
7.30487338106449e-05,0.011863737246063,0.506461232604374,195.752172603793,-0.00183648804785325,"red","IBM"
0.000566433710794821,0.0149391579533676,0.503479125248509,-222.102235510533,0.016216239379537,"navy","ICE"
0.000872252329280692,0.0158781647123731,0.548210735586481,-578.249612824909,0.0401833877090782,"navy","IDXX"
0.000709660279829042,0.0140386583275383,0.52882703777336,-400.064058325955,0.0288926811726752,"navy","IEX"
0.000641142155309075,0.013212412341369,0.533300198807157,-501.215282967578,0.0367076075656622,"navy","IFF"
0.000977820883150048,0.0267044634991018,0.519383697813121,-907.371236887852,0.0634694688600155,"navy","ILMN"
0.00114290645232255,0.0296176829855005,0.502982107355865,-647.307137907662,0.0436461002957844,"navy","INCY"
0.000590254743034152,0.0131301242155744,0.508988764044944,-287.677790799392,0.0189973876350734,"navy","INFO"
0.000394295182444396,0.0143497710935249,0.518389662027833,-79.261256547309,0.00666139457577137,"navy","INTC"
0.000811810323646829,0.0145765578991086,0.535288270377734,-486.743351753385,0.0351667540955356,"navy","INTU"
0.000383116053022008,0.0179465365729667,0.50844930417495,-137.075798064623,0.0110283466986427,"navy","IP"
0.0004894659052641,0.0197545013892833,0.506461232604374,-83.0251721653074,0.00616650966665739,"navy","IPG"
0.00124842877373006,0.0264670472732039,0.531312127236581,-572.863828345198,0.0401698077665449,"navy","IPGP"
0.00072107803764471,0.0134379296566603,0.521367521367521,-448.893502614311,0.0308728634463588,"navy","IQV"
0.00296891586446323,0.0208111138602137,0.59375,-891.326161392082,0.0526402412304864,"navy","IR"
0.000287557943083759,0.0166288758083548,0.504473161033797,-46.4449145869603,0.00476064351533395,"navy","IRM"
0.000629099702007614,0.0185094683014474,0.518389662027833,-798.469498786703,0.060340722608292,"navy","ISRG"
0.000936818868524068,0.0150027670085657,0.535785288270378,-478.377131956854,0.0338744918279778,"navy","IT"
0.000613364405964302,0.0129832692573811,0.537773359840954,-482.661251186526,0.0350880798427779,"navy","ITW"
0.00022278277905503,0.0194942343040941,0.509443339960239,-60.9071543911693,0.00560180762860611,"navy","IVZ"
0.000268235467480735,0.0174671056313092,0.507952286282306,-27.5097305815471,0.00465338004643735,"navy","J"
0.000619500051513781,0.0141713074944898,0.511431411530815,-302.465313687725,0.0230002426678675,"navy","JBHT"
0.000349108269028045,0.0141150307725447,0.501491053677932,-113.472049232323,0.00918343469178185,"navy","JCI"
0.000790282191907151,0.0116531802273688,0.531312127236581,-419.426554501889,0.0295992838875536,"navy","JKHY"
0.00038279741172311,0.00868305526084285,0.510934393638171,-346.729428150382,0.0271593944311693,"navy","JNJ"
2.35699197572595e-05,0.0216816382242638,0.515904572564612,31.3644796629624,-0.000408261227376512,"red","JNPR"
0.000454553851815765,0.0164238677825468,0.508946322067594,-242.395255546637,0.0185542539322582,"navy","JPM"
0.000125315278014462,0.0103249546927579,0.518389662027833,-82.0556591675747,0.00892797014146364,"navy","K"
0.00060759802116877,0.0188701737345986,0.511431411530815,-49.3337560547128,0.00378911060048322,"navy","KEY"
0.000480753616891731,0.0157992154943432,0.51055900621118,-111.153390678714,0.00854107460947638,"navy","KEYS"
0.000101458365943332,0.0128816382748501,0.488853503184713,-149.409023242699,0.0135318707098413,"navy","KHC"
0.000141251842230724,0.0156701509479163,0.52286282306163,-35.1557947740249,0.00349866628162243,"navy","KIM"
0.000519817812742153,0.0184948739257117,0.535288270377734,-274.227423800073,0.0207604956698841,"navy","KLAC"
0.000333988522013211,0.0093579763474099,0.531809145129225,-355.809537137981,0.028048314287056,"navy","KMB"
-0.000312555237626575,0.0180215503102278,0.47459584295612,128.873834665951,-0.00609128953442466,"red","KMI"
0.000488912563012634,0.0195368707303431,0.506958250497018,-214.935499119393,0.0161781305887914,"navy","KMX"
0.000236294094687408,0.00916112190996625,0.516401590457256,-54.8092571976755,0.00579355234448349,"navy","KO"
0.000490091741935411,0.0145322047622508,0.523359840954274,-136.538019413163,0.0098460317682787,"navy","KR"
0.0005666204226046,0.0191590729889728,0.517395626242545,-258.736102578566,0.0212585057551794,"navy","KSU"
0.000147540667603781,0.0111469024799589,0.499502982107356,2.55368323742962,0.00240985079474749,"navy","L"
0.00056529895378011,0.0189732957320596,0.525844930417495,-204.154107565836,0.0160995131290653,"navy","LB"
0.000155899583314284,0.0178717666298888,0.519880715705765,-58.8035135174982,0.0062290527391796,"navy","LDOS"
0.000419804949768151,0.0147313498330844,0.534294234592445,-167.645389024215,0.0125555685956126,"navy","LEG"
0.000794272302018019,0.0217696111735056,0.5,-196.543590879422,0.0144078256919228,"navy","LEN"
0.000366061926767209,0.0123783489281719,0.533300198807157,-298.956614398547,0.0251145308670253,"navy","LH"
0.000534446648449026,0.0145949954600255,0.538270377733598,-376.742655758611,0.0276188970772835,"navy","LHX"
0.000318101143290232,0.0111710693380003,0.508946322067594,-118.788116686833,0.0143541470383824,"navy","LIN"
0.000705033279647986,0.0169511802310309,0.524850894632207,-129.696156227994,0.00952698785838491,"navy","LKQ"
0.000426327853396276,0.0123868673195988,0.526341948310139,-274.072103772928,0.020657948232526,"navy","LLY"
0.00071060705412665,0.0106513648146684,0.537773359840954,-1241.93854778502,0.086947549405076,"navy","LMT"
0.000541076188566176,0.021808181472357,0.520874751491054,-229.407374606181,0.016861921959632,"navy","LNC"
0.00051314098113068,0.0107729045503323,0.538767395626243,-118.106239741234,0.0090573685271374,"navy","LNT"
0.000690620026079175,0.0149543220141555,0.522365805168986,-355.022049452573,0.0251402531445739,"navy","LOW"
0.000760159636135574,0.0191788163152277,0.529821073558648,-532.226540264473,0.0373772523882552,"navy","LRCX"
-0.000391389585229105,0.0165304003823442,0.506958250497018,128.542263917074,-0.00593514801456564,"red","LUMN"
0.000878310128624471,0.017968740733397,0.528330019880716,-270.365360629651,0.0184679434339248,"navy","LUV"
0.000711021858324722,0.0230567288938377,0.508946322067594,-96.3328443184298,0.00917103002413644,"navy","LVS"
0.00217971223371921,0.0114584301209033,0.589473684210526,-813.792318129131,0.0494821907458545,"navy","LW"
0.000834114216309741,0.0214384443364875,0.534919813760993,-384.169284014323,0.0279836911708073,"navy","LYB"
0.000765745514788182,0.0210746624046366,0.519880715705765,-140.524131937527,0.00993779035690923,"navy","LYV"
0.000881606800188137,0.0159362855941084,0.544234592445328,-572.712161217429,0.0398829221133039,"navy","MA"
0.000365607870026004,0.0128538382225749,0.531809145129225,-205.425027175007,0.0173963007874473,"navy","MAA"
0.00082056526912508,0.0160124954978693,0.524353876739563,-373.634479359437,0.0267523932553415,"navy","MAR"
0.000622533483144374,0.0217773680952868,0.51441351888668,-150.827363791837,0.0106495780685961,"navy","MAS"
0.000501270051409408,0.00942908561052837,0.545228628230616,-291.227301223787,0.0243840249176278,"navy","MCD"
0.000547956595568742,0.0154118772662197,0.52037773359841,-212.325825150049,0.0160234572248106,"navy","MCHP"
0.000447665338234532,0.0154722790035375,0.521868787276342,-630.545777615097,0.0475144991136953,"navy","MCK"
0.000839357092676948,0.0174799755501294,0.532306163021869,-573.785670606512,0.040146396371055,"navy","MCO"
0.000221123645265284,0.0152467833419437,0.515407554671968,-46.5118213611939,0.00515825973936988,"navy","MDLZ"
0.000302904371999779,0.0127705187880182,0.518886679920477,-268.619440460883,0.0203220148571039,"navy","MDT"
0.000221896556565816,0.0187882938265899,0.502485089463221,-49.8971670067913,0.00558545477238427,"navy","MET"
0.00061284419871201,0.025328756410776,0.512922465208748,-97.031626234995,0.00720125174480209,"navy","MGM"
0.000866003906665143,0.0184111192807277,0.525347912524851,-1110.41481077781,0.0772681072446516,"navy","MHK"
0.000513057837385745,0.0103000989622457,0.537773359840954,-149.838309376645,0.0114811796597698,"navy","MKC"
0.00131932992841854,0.0196509510247483,0.517395626242545,-949.887645058177,0.0637508134060422,"navy","MKTX"
0.000437449552082697,0.0181743021041224,0.509940357852883,-718.056872317666,0.0524417721952667,"navy","MLM"
0.000653149365128734,0.0111901029628168,0.521868787276342,-279.784606039892,0.0203118494283046,"navy","MMC"
0.000517931022028674,0.0112911209094888,0.534791252485089,-647.229365798473,0.0483540780022102,"navy","MMM"
0.00112761992515546,0.0208984675976079,0.509940357852883,-269.034975957046,0.0185070312026646,"navy","MNST"
0.00063780375816627,0.0100906672834258,0.549204771371769,-263.523123964131,0.0190690523461487,"navy","MO"
-0.000436139471640486,0.021861616567328,0.489065606361829,293.634365686902,-0.0154074121229721,"red","MOS"
0.000771248138416546,0.022201268446304,0.539634146341463,-198.769198065328,0.0145632956057073,"navy","MPC"
0.00020823729676271,0.0121344438464435,0.500497017892644,-136.303003775284,0.0115022552192758,"navy","MRK"
-6.13341584103748e-05,0.0247680440889368,0.499005964214712,91.200485346401,-0.00415969728830108,"red","MRO"
0.000263002902889218,0.0218022269919729,0.501988071570577,-94.6347851262628,0.00770073160377269,"navy","MS"
0.000683622149212509,0.0172319795167364,0.53727634194831,-376.365415683031,0.0267243544273086,"navy","MSCI"
0.000505273898135398,0.0140526995563619,0.504970178926441,-230.825371914175,0.0169212552145027,"navy","MSFT"
0.000512441621646985,0.0144644294572942,0.513419483101392,-247.419312655054,0.01903133370143,"navy","MSI"
0.000465588077868093,0.0147937772050035,0.518389662027833,-334.967353642725,0.0276559564573454,"navy","MTB"
0.000879178896107552,0.0152657787943562,0.542743538767396,-2154.98097137867,0.150920193218622,"navy","MTD"
0.00066219160876808,0.0298786199082279,0.506461232604374,-116.708903503662,0.00829208447637587,"navy","MU"
0.00046554518259316,0.0161343701407319,0.511928429423459,-113.299717916825,0.00898736372364844,"navy","MXIM"
0.000613609484914598,0.0193539117001452,0.509630818619583,-192.243652898978,0.0141521994448593,"navy","NCLH"
0.000662989249747403,0.0155196879061752,0.530318091451292,-300.26296099246,0.0212380669893262,"navy","NDAQ"
0.000534828745472132,0.010250203251869,0.540755467196819,-117.281333366827,0.00867140480568621,"navy","NEE"
-0.000127066717116592,0.0229875097598727,0.496023856858847,229.069948868529,-0.0118599594810736,"red","NEM"
0.00160233074069461,0.0341714254853799,0.503976143141153,-806.350636587206,0.0540662465601353,"navy","NFLX"
0.000714696120536031,0.0118636744384959,0.530815109343936,-107.490780635831,0.00758811327171023,"navy","NI"
0.000667248082492726,0.014598196306435,0.518389662027833,-237.26331836542,0.0171187542655778,"navy","NKE"
0.000209738754682632,0.0177229954071235,0.517892644135189,-45.9803446346628,0.00417623414055613,"navy","NLOK"
0.000206436979669108,0.0149145545646887,0.492828456683878,-97.3796782772884,0.00837858994931152,"navy","NLSN"
0.000888477876399573,0.0119038424527656,0.54572564612326,-1214.79786845739,0.0835785796703949,"navy","NOC"
-7.11048390674499e-05,0.0213181694083411,0.500994035785288,178.975141234047,-0.00787036457551061,"red","NOV"
0.00120504588788133,0.0252709830630796,0.534682080924855,-573.559972163571,0.0387314017369618,"navy","NOW"
8.77632228128477e-05,0.0227013726378629,0.500994035785288,42.20471220842,-0.00128862204602537,"red","NRG"
0.000503736491211487,0.0155468160884405,0.527335984095427,-256.852279954449,0.0211940948675144,"navy","NSC"
0.00023916567216385,0.0198843073214798,0.511928429423459,74.2948918272323,-0.00228053664790097,"red","NTAP"
0.000319426021174909,0.0148613460908992,0.529324055666004,-191.082949112299,0.0157033200311896,"navy","NTRS"
0.000141889937089535,0.0167319317620137,0.5,-44.2978945435942,0.00563315320996395,"navy","NUE"
0.00116702160391193,0.0244071534243859,0.517395626242545,-574.140894298302,0.0380514118770673,"navy","NVDA"
0.000792169781677893,0.014091466283071,0.521371769383698,-9098.99645472979,0.642404293990979,"navy","NVR"
0.000352614689886415,0.0177708500681058,0.50844930417495,-190.765081369784,0.0137443304256321,"navy","NWL"
5.83441840647123e-05,0.0148848527509828,0.467600700525394,57.0236278654211,-0.00254088736905632,"red","NWS"
2.24328669214944e-05,0.0154262136991955,0.486865148861646,64.2556856879284,-0.00297889545878173,"red","NWSA"
0.000388402966777275,0.0129665271943966,0.534791252485089,-133.620317669533,0.011086350031114,"navy","O"
0.00114963766062414,0.0173208896539415,0.521371769383698,-294.457461934711,0.0204407615398873,"navy","ODFL"
0.000489752003444465,0.0198967680615674,0.519383697813121,-117.130975749168,0.00980706079063324,"navy","OKE"
0.000302581495855074,0.012889835945107,0.521868787276342,-217.334024509601,0.0174039457468487,"navy","OMC"
0.000319696619982413,0.0148043237534072,0.512425447316103,-82.4125271579821,0.00734099016190353,"navy","ORCL"
0.000910650161773132,0.0150485171418781,0.537773359840954,-1292.45364845142,0.0897156930570335,"navy","ORLY"
-3.86388525373684e-05,0.0164938052432259,0.502982107355865,195.424891102801,-0.00722711743628407,"red","OXY"
0.00177008310272707,0.027736100874083,0.544385026737968,-718.571729049098,0.0450888153182866,"navy","PAYC"
0.000393896463096594,0.0110692343126363,0.523856858846918,-168.87709702229,0.0131081899566068,"navy","PAYX"
5.47342540086488e-05,0.0124464347248209,0.509443339960239,-12.759813035448,0.00169974285929821,"navy","PBCT"
0.000329763706250833,0.0166738643784291,0.501491053677932,-89.3464440399537,0.00888764275349826,"navy","PCAR"
-2.4288714302469e-05,0.0153827669517653,0.536282306163022,48.0072547573661,-0.000838736662891551,"red","PEAK"
0.000211810761521946,0.0115930896487431,0.52286282306163,-61.3389151949324,0.00610341619016572,"navy","PEG"
0.000334008068423796,0.00859605379026453,0.516401590457256,-241.905952856403,0.0203133514282951,"navy","PEP"
0.000322496752143639,0.0114085286230225,0.490556660039761,-82.4971189245794,0.00673965250794248,"navy","PFE"
0.000515699581752316,0.0183269905218196,0.532803180914513,-186.450851257374,0.0141539819411637,"navy","PFG"
0.000202606469519188,0.00883342791916365,0.504970178926441,-99.0535770021991,0.0108448621123787,"navy","PG"
0.00056610965167567,0.011925059647133,0.520874751491054,-111.072484639508,0.0085879287204826,"navy","PGR"
0.000644954056485524,0.0164037363060554,0.52286282306163,-399.377922874334,0.0313892691972602,"navy","PH"
0.000585364387420726,0.0246829979797379,0.502485089463221,-86.9204794631926,0.00640899275509884,"navy","PHM"
0.000814988117132379,0.0167036433693588,0.536779324055666,-423.5627757407,0.0297975299695485,"navy","PKG"
0.000628663556665303,0.015361142858414,0.517892644135189,-222.737103327215,0.0163181442898124,"navy","PKI"
0.000463843374015541,0.0163660224082297,0.525844930417495,-132.486727041433,0.0106983194055932,"navy","PLD"
0.000378327056481041,0.010918271850861,0.516898608349901,-198.456872208426,0.0175149607191882,"navy","PM"
0.000493020178851257,0.015127316105899,0.51441351888668,-318.361476531079,0.0247523373405305,"navy","PNC"
0.000372443565750309,0.0164917581039736,0.505467196819085,-98.1416303916119,0.00830679263427736,"navy","PNR"
0.000416052305512775,0.0104404901191939,0.519383697813121,-211.000119060412,0.0167377307741976,"navy","PNW"
0.00094565754258503,0.0155767685957566,0.527335984095427,-504.047568878887,0.0350185507917102,"navy","POOL"
0.000670718990606432,0.0142558177719197,0.529324055666004,-439.761461646547,0.0321895434029461,"navy","PPG"
1.14924919283736e-05,0.0107100067169883,0.516401590457256,-49.538184292595,0.00495127791443152,"navy","PPL"
0.000382780422872445,0.019394179325944,0.52037773359841,-126.132762012625,0.0146239293885331,"navy","PRGO"
0.00039659413288908,0.0181155727347087,0.517395626242545,-229.316478904879,0.0188582541523796,"navy","PRU"
0.000476483088277332,0.0127286327819531,0.532306163021869,-694.17196684966,0.0535067038879807,"navy","PSA"
0.000757640068638088,0.0164589908820077,0.523974982626824,-267.784783204701,0.0206043653764505,"navy","PSX"
0.000599157344487765,0.0207531987362402,0.508946322067594,-225.994612749781,0.0199379702018321,"navy","PVH"
0.000303425456243834,0.0201007748127156,0.526341948310139,-50.7031142358457,0.00478455079828069,"navy","PWR"
0.00060685427541344,0.0231402268995294,0.504970178926441,-496.68763891534,0.0390666097195649,"navy","PXD"
0.00110806942425551,0.017331740856634,0.50796178343949,-610.175413002319,0.0383249558440806,"navy","PYPL"
0.00015423723586594,0.0169673306390195,0.512922465208748,-14.5420286681534,0.00457199906191357,"navy","QCOM"
-7.35924987490371e-05,0.027072635318285,0.502652519893899,-39.0654860964191,0.0058838371735364,"navy","QRVO"
0.000760983702239048,0.023244623167553,0.51441351888668,-434.766467724768,0.0306039295986826,"navy","RCL"
0.00047286634371549,0.0119470503728312,0.518886679920477,-836.544321284845,0.0610718821271701,"navy","RE"
0.00034192686753939,0.0142333128151757,0.530318091451292,-162.863271240445,0.0134927332351254,"navy","REG"
0.00135463099367884,0.0269475256179732,0.503479125248509,-2684.22115250737,0.183078638574516,"navy","REGN"
0.000576269386577892,0.0224506172300934,0.51441351888668,-35.5215188432745,0.00276882646467349,"navy","RF"
0.000356278329989237,0.0180243206651064,0.52286282306163,-120.875152939413,0.00992091683854309,"navy","RHI"
0.000647495279194121,0.0174960295997611,0.52037773359841,-237.126577148857,0.017705676036029,"navy","RJF"
0.000119317483436392,0.0195967771645516,0.50844930417495,269.953952166386,-0.00892578763586869,"red","RL"
0.000579434868923195,0.0166495084391165,0.53727634194831,-230.250849511065,0.0173192094539468,"navy","RMD"
0.000702951630498951,0.0174638295225256,0.51441351888668,-465.368505662429,0.0352404466191144,"navy","ROK"
0.000832498959049514,0.014029016033432,0.518886679920477,-67.431042871813,0.00478214547086741,"navy","ROL"
0.000792869412728144,0.013072885274995,0.540258449304175,-838.280965455813,0.0605538808435969,"navy","ROP"
0.00100272187990067,0.0146038323678662,0.519880715705765,-283.226053055261,0.0199904121061103,"navy","ROST"
0.000426220626323002,0.0111950173607766,0.531809145129225,-159.134919880136,0.0123058971370539,"navy","RSG"
0.000286854474285314,0.0120436512522494,0.516898608349901,-110.702647671006,0.0106138096945814,"navy","RTX"
0.000763301675406841,0.0137635494242639,0.532306163021869,-552.477196329289,0.0395048496919922,"navy","SBAC"
0.000798234704768137,0.0152288226916811,0.516898608349901,-266.874664206095,0.0188893565250795,"navy","SBUX"
0.000474345401720616,0.0185957867833462,0.506958250497018,-139.685117677005,0.010197338796306,"navy","SCHW"
0.000400582966933467,0.0171750931072138,0.529324055666004,-165.868097861951,0.0123258293773091,"navy","SEE"
0.000941579115950078,0.0135401901678299,0.535288270377734,-1543.83581189383,0.108109113064617,"navy","SHW"
0.000841750920428637,0.0208725621876279,0.52882703777336,-696.29611627062,0.0492758338788012,"navy","SIVB"
0.000344026718743512,0.0116219403974882,0.516898608349901,-330.019217496372,0.026611487432501,"navy","SJM"
2.06935638572075e-06,0.0172231712233658,0.484592445328032,38.77362507912,0.00240673952024474,"navy","SLB"
0.000359859096227428,0.0165429947667927,0.523359840954274,-231.632762822912,0.0202049820703847,"navy","SLG"
0.000697236061809378,0.0143706349483411,0.525347912524851,-731.980101176115,0.0521317215284755,"navy","SNA"
0.000663332832281051,0.0120003027802322,0.539264413518887,-249.992363458309,0.0181218103011425,"navy","SNPS"
0.000183409288363672,0.00877879614300499,0.516401590457256,-34.5977429688659,0.00488702430898602,"navy","SO"
0.000416820177530309,0.013486456457066,0.541749502982107,-474.000328224903,0.038741544700503,"navy","SPG"
0.00080389616069024,0.0147804494247342,0.530815109343936,-599.41298450974,0.0420462182012058,"navy","SPGI"
0.000322324282617253,0.0108307042099466,0.525844930417495,-342.539632105399,0.026494691078406,"navy","SRE"
0.000561027568689165,0.0145286199658964,0.511431411530815,-278.171281491822,0.0204720293923482,"navy","STE"
0.000390849936077436,0.0168658949284207,0.512922465208748,-219.371848223487,0.0174038548321786,"navy","STT"
0.000395238663609003,0.0275447770229272,0.520874751491054,-139.304136855412,0.0107990089925565,"navy","STX"
0.00131798297249751,0.0180056217923198,0.527833001988072,-1054.00852369391,0.0707484615366369,"navy","STZ"
0.000581097456697589,0.0157509780795132,0.522365805168986,-388.64758153101,0.0297382382099962,"navy","SWK"
0.000923147507850288,0.026111482216925,0.530318091451292,-476.022272479607,0.0326864804694722,"navy","SWKS"
0.000601645900403047,0.0168349264786501,0.511033681765389,-24.2656993413623,0.00322150785996276,"navy","SYF"
0.000540793430545692,0.0124229032821963,0.530815109343936,-454.530300914764,0.0333575110430195,"navy","SYK"
0.000383035901376633,0.0108642415133132,0.524353876739563,-119.64250366633,0.00976392980462289,"navy","SYY"
0.000152968604776681,0.0100008566558685,0.52037773359841,-34.7187016528998,0.00425787689876169,"navy","T"
0.000288604290847076,0.0137913615079246,0.504473161033797,-301.328542134,0.0227174297970935,"navy","TAP"
0.000852603300699266,0.0163371923243034,0.548707753479125,-1166.6749457375,0.0828207930067933,"navy","TDG"
0.000756970532958394,0.0151161558183571,0.519880715705765,-493.328089050701,0.0358754204745086,"navy","TDY"
0.000663132564980357,0.0151010757658014,0.524850894632207,-266.892813222054,0.0197761647806746,"navy","TEL"
0.000666161667310006,0.020908179551378,0.52286282306163,-90.6124235731203,0.00680317360191495,"navy","TER"
0.000325867451177578,0.0152297207624357,0.515904572564612,-80.1710686693387,0.00710891008685543,"navy","TFC"
0.000745788723279717,0.0129657219302668,0.532803180914513,-830.697664405536,0.0583637168185652,"navy","TFX"
0.000146934330051089,0.0136933823185673,0.512922465208748,-40.3211430262649,0.00637711259083251,"navy","TGT"
0.00071833274159447,0.0130750152682654,0.515904572564612,-155.90136604431,0.011320536979915,"navy","TJX"
0.0006886991098285,0.0142709005914407,0.516401590457256,-715.808594379878,0.0508499080131405,"navy","TMO"
0.000687060471650952,0.0270718244810172,0.523856858846918,-210.255480537939,0.0150709252967072,"navy","TMUS"
9.8066639618972e-05,0.0199789875307405,0.509940357852883,149.428413316745,-0.00643063664589758,"red","TPR"
0.000326505601661639,0.0157764545655188,0.513916500994036,-93.0171702069655,0.0100936136859696,"navy","TROW"
0.000497906820439115,0.0110828540273967,0.532306163021869,-397.292300380383,0.0300726194762774,"navy","TRV"
0.000856738098726051,0.0179113977392066,0.524353876739563,-313.702130466755,0.0230156731024828,"navy","TSCO"
0.00135844323808505,0.0318105399534039,0.513227513227513,-370.77454088946,0.0248087862813739,"navy","TSLA"
0.00093966386775121,0.0170392720766006,0.542246520874751,-311.119076723267,0.0216263836351171,"navy","TSN"
0.000559180869861707,0.01677048709929,0.524353876739563,-222.837401714483,0.0163548612004378,"navy","TT"
0.00117130842339229,0.021768561248903,0.502485089463221,-327.473583310516,0.0221058348165262,"navy","TTWO"
-0.000600160526422318,0.0347245463060733,0.4928092042186,474.852423100991,-0.0265653398817214,"red","TWTR"
0.000690920319841014,0.0147103593279424,0.532306163021869,-289.240446009486,0.0208829511468184,"navy","TXN"
0.000541396724289367,0.0206145605520446,0.504473161033797,-148.946790918164,0.0113209992608649,"navy","TXT"
0.00107644699737357,0.017526754921208,0.529821073558648,-944.760398057832,0.064239074220719,"navy","TYL"
-0.00252651858534794,0.0294645222857903,0.436241610738255,834.528752346593,-0.0470855244223364,"red","UA"
0.000702630882359842,0.0256929573649257,0.521371769383698,-160.479565365488,0.0113056418000586,"navy","UAA"
0.000825646061961373,0.0265369470017344,0.499502982107356,-279.858039261779,0.0199050415891046,"navy","UAL"
0.000430193495463546,0.0140741547716419,0.527833001988072,-81.9385235105937,0.00686001792542196,"navy","UDR"
0.000641981170017701,0.0183860745317561,0.515904572564612,-541.425209520025,0.0386686859599397,"navy","UHS"
0.00122943048985602,0.0230018180375554,0.515904572564612,-1244.09997614409,0.0851684574353447,"navy","ULTA"
0.000966588866309227,0.0141475901882542,0.526838966202783,-805.788987830683,0.0556971219446561,"navy","UNH"
0.000503281982932107,0.0157153430377841,0.518389662027833,-115.163018564671,0.00907952522519821,"navy","UNM"
0.000701472999014475,0.0144384923641259,0.514910536779324,-368.791740964225,0.0277308038685817,"navy","UNP"
0.000356283085120905,0.0109449056361611,0.522365805168986,-221.077458102108,0.0193107630006152,"navy","UPS"
0.00141172663670865,0.0291554285012733,0.534294234592445,-559.871876204962,0.0387701039311146,"navy","URI"
0.000422918876062882,0.0136458722765168,0.517395626242545,-133.729606968817,0.0106223311894686,"navy","USB"
0.00081696905914429,0.0149659620131204,0.534791252485089,-447.945964474392,0.0311046079714373,"navy","V"
0.000491294671622547,0.0144088963795676,0.544234592445328,-194.515787940287,0.0163133476644162,"navy","VAR"
0.000693194818885523,0.0149818007728706,0.515407554671968,-230.946228613814,0.0171729382960612,"navy","VFC"
0.000706153348504501,0.018293525409359,0.512425447316103,-238.159981496431,0.0175260898718379,"navy","VIAC"
0.000858055966244169,0.0213572426203811,0.525347912524851,-308.598964641661,0.0218501541804574,"navy","VLO"
0.000442212786582775,0.0199701757166042,0.502982107355865,-477.488879851895,0.0340463119684273,"navy","VMC"
0.000210110536533832,0.0137759613539981,0.517892644135189,-89.0179621744096,0.00982616734588638,"navy","VNO"
0.000580598087290866,0.0122694504867651,0.518886679920477,-299.500288799045,0.0222605315020666,"navy","VRSK"
0.000761247176289251,0.0156626005968732,0.539264413518887,-364.062859246324,0.0261534931802001,"navy","VRSN"
0.000606397678522379,0.029963866883529,0.488568588469185,-494.719365410619,0.0355587100320685,"navy","VRTX"
9.56624139591793e-05,0.015296163017765,0.538767395626243,22.8633968917544,0.00271455395324437,"navy","VTR"
0.000405283832373961,0.0200381332055885,0.516898608349901,-145.289760297197,0.0112444592810768,"navy","VTRS"
0.000262493708359402,0.0104672207307655,0.511928429423459,-70.9559878488235,0.00713439811121225,"navy","VZ"
0.000676893766385574,0.016711870737918,0.519880715705765,-357.420823474454,0.0258992713642443,"navy","WAB"
0.000567855561509416,0.0150755972963228,0.534791252485089,-495.866930759216,0.0376322476943905,"navy","WAT"
0.00033113673332853,0.0155533152080891,0.504970178926441,-303.352250307392,0.0224789174765066,"navy","WBA"
0.000280174304363277,0.0240157728749794,0.50596421471173,-255.94319068654,0.0196098934168346,"navy","WDC"
0.000488413304925668,0.0103205168618135,0.538270377733598,-181.688723320543,0.0140374003307613,"navy","WEC"
0.000183988332885721,0.0134198843204791,0.541749502982107,-98.513666120398,0.00992049666032783,"navy","WELL"
0.000396535921613517,0.0155107674454325,0.500497017892644,-148.853720502932,0.0118711369596994,"navy","WFC"
0.000358676436799728,0.0206374285911501,0.510437375745527,-620.176527860323,0.0465444160439081,"navy","WHR"
0.00037463128905959,0.0120369100152549,0.513419483101392,-210.629954832276,0.0199484498896159,"navy","WLTW"
0.000460623391616038,0.0104207705783192,0.541252485089463,-204.338618069291,0.0156315169818539,"navy","WM"
0.000272646315882202,0.0266314502088656,0.512425447316103,-41.5787948021426,0.00455034204059501,"navy","WMB"
0.000297891224119414,0.0104580896690449,0.526838966202783,-76.0708022271892,0.00896940731587076,"navy","WMT"
0.000533157029213431,0.0105437366133233,0.524353876739563,-133.560015479411,0.0101711527494152,"navy","WRB"
0.000799894219092089,0.0142897071103855,0.528330019880716,-407.635467537152,0.0281894572161937,"navy","WST"
-2.087217314768e-06,0.0167069302147202,0.512425447316103,2.62948608149478,0.000952434274956278,"navy","WU"
-0.000113212706266725,0.0269075062013952,0.51441351888668,-19.0755020537416,0.00296539608003682,"navy","WY"
0.000481715624140422,0.0252113764051756,0.492544731610338,55.9640905070748,0.00411705298209456,"navy","WYNN"
0.000410121944743488,0.00971584000265713,0.527335984095427,-112.252823396616,0.00896114569671621,"navy","XEL"
0.000485576668616294,0.015843494230136,0.523359840954274,-160.109943003271,0.0125660269295334,"navy","XLNX"
9.45545604229789e-05,0.0115061356706831,0.498011928429423,7.72897245269305,0.00469074216810945,"navy","XOM"
0.000309315692783751,0.0133063218876911,0.515407554671968,-148.664882894431,0.0121283808494065,"navy","XRAY"
0.000123414375596778,0.0185655025981961,0.502982107355865,-9.63809293190107,0.0022453241007385,"navy","XRX"
0.000661566157055439,0.0140882367052656,0.511196417146513,-217.572589290031,0.0155412933771301,"navy","XYL"
0.000583528096742187,0.0148800113316033,0.529324055666004,-175.896971463416,0.0141052627691017,"navy","YUM"
0.00034710819607314,0.0140151367372265,0.52037773359841,-366.001773935655,0.0281595044715339,"navy","ZBH"
0.000639470536649227,0.0202660004096227,0.528330019880716,-350.275258780129,0.0254537785147659,"navy","ZBRA"
0.000665243358158566,0.0207219248836739,0.518886679920477,-92.0453743539641,0.00741392989847502,"navy","ZION"
0.000681416169019057,0.0141885771642911,0.514147130153597,-291.392753533496,0.0201615547180761,"navy","ZTS"
